<?xml version="1.0" encoding="utf-8"?>
<config>
	<!-- Location where webserver HTML fragments are found -->
	<!--<webserver_fragments_dir></webserver_fragments_dir>-->
	
	<!-- Location where webserver public files (main.css etc.) are found -->
	<!--<webserver_public_files_dir></webserver_public_files_dir>-->
	
	<!-- Location where webclient typescript files are found -->
	<!--<webclient_dir></webclient_dir>-->
	
	<!-- Should we allow the lightmapperbot account to have full privileges? -->
	<allow_light_mapper_bot_full_perms>false</allow_light_mapper_bot_full_perms>
</config>

